{"cameraMode":{"drawMode":0,"name":"Shaded","section":"Shading Mode"},"sceneLighting":true,"audioPlay":false,"sceneViewState":{"showFog":true,"showMaterialUpdate":false,"showSkybox":false,"showFlares":true,"showImageEffects":true,"showParticleSystems":true},"in2DMode":false,"pivot":{"x":0.17713719606399537,"y":1.769899606704712,"z":2.0424294471740724},"rotation":{"x":0.05719005689024925,"y":0.886401355266571,"z":-0.11391206830739975,"w":0.4450347125530243},"size":0.3473111093044281,"orthographic":false}